comuna,ica,fecha,id
comuna 8,16,2024-01-30,4679
comuna 5,62,2024-07-31,18864
comuna 9,42,2024-07-31,48472
comuna 14,40,2024-06-25,6815
comuna 5,35,2024-01-30,45601
comuna 9,31,2024-07-31,4917
comuna 6,11,2024-06-25,41031
comuna 13,43,2024-07-31,30626
comuna 6,30,2024-06-25,30500
comuna 5,40,2024-06-25,713
comuna 16,15,2024-01-30,5800
comuna 13,78,2024-06-23,11040
comuna 2,98,2024-06-25,3822
comuna 7,44,2024-07-31,25593
comuna 13,28,2024-06-23,45022
comuna 10,82,2024-06-25,13387
comuna 6,46,2024-06-23,23635
comuna 11,92,2024-06-25,35020
comuna 4,71,2024-06-25,41446
comuna 7,51,2024-06-25,6022
comuna 10,38,2024-01-30,3029
comuna 14,92,2024-07-31,46120
comuna 4,94,2024-07-31,3226
comuna 12,59,2024-01-30,25747
comuna 5,94,2024-06-23,46555
comuna 14,38,2024-07-31,22156
comuna 8,11,2024-01-30,17002
comuna 13,34,2024-07-31,27130
comuna 14,90,2024-06-25,25594
comuna 4,33,2024-06-23,14456
comuna 10,69,2024-01-30,29034
comuna 3,52,2024-06-23,41388
comuna 13,90,2024-06-25,39066
comuna 1,61,2024-01-30,3751
comuna 16,40,2024-06-25,3246
comuna 13,21,2024-06-23,41974
comuna 16,78,2024-01-30,12789
comuna 7,49,2024-07-31,20253
comuna 4,91,2024-06-25,2301
comuna 5,98,2024-07-31,42720
comuna 15,12,2024-06-25,28454
comuna 5,98,2024-07-31,49781
comuna 11,61,2024-06-23,20862
comuna 13,51,2024-06-25,29684
comuna 5,39,2024-06-25,34311
comuna 5,40,2024-07-31,36301
comuna 10,29,2024-06-23,4911
comuna 7,30,2024-07-31,44672
comuna 4,10,2024-06-25,7932
comuna 6,38,2024-06-25,20038
comuna 1,69,2024-01-30,34534
comuna 5,100,2024-07-31,8162
comuna 11,14,2024-06-25,23175
comuna 6,20,2024-07-31,42595
comuna 16,45,2024-06-23,49722
comuna 15,75,2024-01-30,16993
comuna 2,99,2024-06-23,41935
comuna 3,55,2024-01-30,8221
comuna 3,100,2024-07-31,45451
comuna 16,60,2024-06-23,25642
comuna 10,27,2024-01-30,46400
comuna 9,51,2024-06-25,34475
comuna 15,69,2024-06-23,11121
comuna 9,71,2024-06-25,13238
comuna 9,83,2024-06-23,34935
comuna 3,55,2024-06-25,16024
comuna 10,83,2024-01-30,36611
comuna 1,66,2024-06-25,10762
comuna 12,58,2024-06-23,40634
comuna 7,95,2024-07-31,8593
comuna 4,76,2024-07-31,20854
comuna 4,45,2024-01-30,38163
comuna 11,56,2024-06-23,13512
comuna 5,57,2024-06-23,41515
comuna 10,14,2024-06-25,15334
comuna 5,38,2024-06-25,13443
comuna 15,32,2024-01-30,21286
comuna 9,77,2024-01-30,21062
comuna 10,11,2024-06-25,9588
comuna 8,54,2024-01-30,21433
comuna 13,59,2024-07-31,26015
comuna 9,18,2024-06-23,41115
comuna 15,63,2024-01-30,37243
comuna 3,27,2024-06-23,30532
comuna 16,94,2024-01-30,6918
comuna 1,77,2024-06-23,33876
comuna 4,81,2024-06-25,41037
comuna 4,98,2024-07-31,14030
comuna 4,51,2024-06-23,17145
comuna 12,50,2024-07-31,23016
comuna 12,57,2024-06-25,36298
comuna 5,60,2024-06-23,9803
comuna 1,60,2024-07-31,44643
comuna 9,40,2024-06-25,951
comuna 5,64,2024-06-25,26723
comuna 13,53,2024-06-23,20594
comuna 12,25,2024-06-23,33437
comuna 1,32,2024-01-30,48794
comuna 16,89,2024-07-31,9203
comuna 9,28,2024-01-30,46231
comuna 16,26,2024-06-25,31838
comuna 7,45,2024-06-25,1524
comuna 16,21,2024-07-31,4091
comuna 4,73,2024-07-31,33421
comuna 15,95,2024-06-25,22649
comuna 6,66,2024-07-31,41560
comuna 13,52,2024-01-30,18909
comuna 3,48,2024-06-23,22858
comuna 1,18,2024-07-31,438
comuna 14,13,2024-06-25,34529
comuna 7,10,2024-06-25,13346
comuna 12,28,2024-07-31,22783
comuna 14,20,2024-01-30,10699
comuna 14,69,2024-06-25,24653
comuna 12,11,2024-06-23,29838
comuna 12,51,2024-01-30,47062
comuna 11,36,2024-01-30,30057
comuna 14,76,2024-06-23,14694
comuna 2,40,2024-01-30,33709
comuna 1,74,2024-01-30,5394
comuna 5,41,2024-01-30,25530
comuna 11,37,2024-01-30,7892
comuna 10,44,2024-06-23,26113
comuna 14,100,2024-01-30,41394
comuna 6,47,2024-07-31,15057
comuna 4,71,2024-06-23,7365
comuna 15,19,2024-01-30,13397
comuna 14,43,2024-06-25,10672
comuna 7,47,2024-01-30,3355
comuna 6,57,2024-07-31,36276
comuna 16,53,2024-06-25,32564
comuna 10,40,2024-06-25,41565
comuna 7,52,2024-07-31,37276
comuna 16,66,2024-01-30,17633
comuna 11,89,2024-01-30,34410
comuna 9,95,2024-06-25,36275
comuna 1,33,2024-07-31,43134
comuna 2,26,2024-06-23,20978
comuna 1,40,2024-07-31,19006
comuna 6,34,2024-06-25,23134
comuna 9,96,2024-06-23,4420
comuna 7,97,2024-06-25,36138
comuna 14,28,2024-06-23,22810
comuna 14,63,2024-06-23,12635
comuna 13,70,2024-01-30,37130
comuna 9,23,2024-07-31,24144
comuna 16,84,2024-06-23,24616
comuna 13,51,2024-07-31,11260
comuna 13,73,2024-06-23,21390
comuna 14,26,2024-07-31,488
comuna 9,53,2024-01-30,15629
comuna 16,63,2024-07-31,25665
comuna 3,99,2024-07-31,31916
comuna 4,43,2024-06-25,7536
comuna 16,10,2024-07-31,5077
comuna 11,65,2024-01-30,43246
comuna 16,91,2024-06-25,28783
comuna 10,36,2024-01-30,46213
comuna 11,79,2024-06-23,5299
comuna 7,92,2024-06-23,19761
comuna 14,91,2024-07-31,37460
comuna 3,61,2024-06-23,37710
comuna 15,78,2024-07-31,16095
comuna 11,18,2024-06-23,18941
comuna 3,51,2024-01-30,15684
comuna 3,68,2024-06-23,24978
comuna 4,60,2024-01-30,45820
comuna 2,83,2024-07-31,15152
comuna 8,23,2024-06-25,24606
comuna 10,75,2024-01-30,22693
comuna 11,34,2024-06-23,21244
comuna 14,15,2024-06-23,14448
comuna 10,90,2024-06-25,40516
comuna 8,53,2024-06-25,14678
comuna 14,81,2024-06-23,33450
comuna 16,94,2024-01-30,8172
comuna 10,69,2024-07-31,46572
comuna 1,31,2024-07-31,8002
comuna 8,96,2024-01-30,23165
comuna 12,75,2024-06-25,25186
comuna 12,31,2024-06-25,22212
comuna 8,65,2024-06-23,40986
comuna 12,77,2024-07-31,3593
comuna 8,80,2024-06-25,21802
comuna 7,83,2024-07-31,14213
comuna 1,67,2024-01-30,16790
comuna 5,37,2024-01-30,14627
comuna 16,55,2024-06-23,4217
comuna 5,94,2024-01-30,46559
comuna 14,27,2024-06-23,37049
comuna 5,60,2024-01-30,38754
comuna 11,40,2024-06-25,47634
comuna 12,10,2024-01-30,19974
comuna 2,68,2024-06-25,26257
comuna 1,11,2024-06-23,28022
comuna 3,98,2024-06-23,16345
comuna 16,45,2024-07-31,17979
comuna 3,93,2024-06-25,36311
comuna 5,34,2024-06-25,29582
comuna 14,61,2024-07-31,16779
comuna 2,75,2024-01-30,44410
comuna 14,85,2024-06-23,37016
comuna 5,74,2024-01-30,426
comuna 14,31,2024-01-30,2006
comuna 1,88,2024-01-30,15039
comuna 4,98,2024-06-23,40773
comuna 6,10,2024-06-23,687
comuna 7,38,2024-01-30,46026
comuna 1,32,2024-06-23,27521
comuna 4,18,2024-07-31,6466
comuna 6,93,2024-07-31,1975
comuna 4,62,2024-07-31,5688
comuna 4,97,2024-01-30,35773
comuna 15,38,2024-06-23,28939
comuna 16,19,2024-06-23,43172
comuna 13,68,2024-01-30,6990
comuna 11,81,2024-06-23,20179
comuna 12,85,2024-06-25,16629
comuna 15,87,2024-06-25,7663
comuna 12,20,2024-07-31,23319
comuna 12,72,2024-06-25,7655
comuna 13,38,2024-01-30,19038
comuna 1,84,2024-07-31,14142
comuna 10,76,2024-07-31,26932
comuna 13,55,2024-07-31,34535
comuna 1,99,2024-06-25,36579
comuna 16,87,2024-06-25,11505
comuna 11,71,2024-01-30,19337
comuna 14,77,2024-06-25,18872
comuna 16,54,2024-01-30,40451
comuna 11,88,2024-06-25,2059
comuna 3,85,2024-06-23,33312
comuna 13,69,2024-01-30,41602
comuna 2,54,2024-01-30,39203
comuna 6,76,2024-06-25,6576
comuna 13,46,2024-07-31,12045
comuna 13,53,2024-07-31,9421
comuna 8,85,2024-06-25,37008
comuna 2,98,2024-06-23,16032
comuna 14,32,2024-01-30,43970
comuna 4,68,2024-01-30,17065
comuna 6,15,2024-01-30,37407
comuna 15,74,2024-07-31,4769
comuna 1,78,2024-06-25,31447
comuna 12,39,2024-07-31,49535
comuna 8,47,2024-01-30,48195
comuna 7,95,2024-06-23,11065
comuna 7,100,2024-07-31,24030
comuna 2,21,2024-01-30,11847
comuna 7,85,2024-06-23,46238
comuna 13,35,2024-07-31,31482
comuna 9,14,2024-01-30,12499
comuna 10,14,2024-01-30,34720
comuna 1,83,2024-01-30,21406
comuna 2,90,2024-07-31,11862
comuna 8,87,2024-06-25,17346
comuna 13,11,2024-06-23,26719
comuna 13,12,2024-07-31,12358
comuna 14,73,2024-06-23,32797
comuna 2,77,2024-01-30,12548
comuna 9,13,2024-06-23,13627
comuna 6,64,2024-01-30,28016
comuna 3,12,2024-07-31,43376
comuna 15,93,2024-06-23,30821
comuna 3,62,2024-06-25,18998
comuna 11,53,2024-06-23,15322
comuna 1,57,2024-06-23,24199
comuna 13,46,2024-07-31,21356
comuna 11,50,2024-06-23,39723
comuna 3,87,2024-07-31,9476
comuna 5,10,2024-06-23,46903
comuna 11,65,2024-06-25,31394
comuna 13,25,2024-01-30,11079
comuna 1,20,2024-07-31,2853
comuna 1,38,2024-07-31,8855
comuna 4,11,2024-06-25,47758
comuna 12,48,2024-01-30,21110
comuna 12,69,2024-06-25,23628
comuna 5,75,2024-01-30,4878
comuna 10,89,2024-06-23,28891
comuna 3,19,2024-01-30,14140
comuna 13,24,2024-06-23,40279
comuna 1,51,2024-06-25,7876
comuna 15,87,2024-06-23,6978
comuna 13,94,2024-06-23,30354
comuna 14,34,2024-07-31,40086
comuna 4,26,2024-01-30,46219
comuna 7,54,2024-01-30,13027
comuna 9,92,2024-06-23,31894
comuna 8,50,2024-06-25,33370
comuna 12,80,2024-01-30,49343
comuna 13,28,2024-06-25,11807
comuna 10,35,2024-07-31,23404
comuna 1,78,2024-07-31,10706
comuna 8,67,2024-06-23,29771
comuna 4,86,2024-07-31,30431
comuna 6,69,2024-06-23,29102
comuna 1,10,2024-06-25,36184
comuna 15,97,2024-01-30,17208
comuna 3,23,2024-06-25,42325
comuna 11,95,2024-06-25,11696
comuna 3,38,2024-06-23,548
comuna 3,62,2024-06-23,42564
comuna 10,93,2024-07-31,42155
comuna 3,94,2024-07-31,13340
comuna 16,91,2024-01-30,34961
comuna 14,31,2024-07-31,31122
comuna 10,70,2024-07-31,27508
comuna 10,57,2024-07-31,27166
comuna 8,45,2024-07-31,43756
comuna 1,95,2024-06-25,29708
comuna 13,43,2024-06-23,15300
comuna 1,80,2024-01-30,14680
comuna 3,45,2024-06-25,46669
comuna 10,18,2024-01-30,40015
comuna 9,43,2024-07-31,39429
comuna 5,99,2024-06-23,10054
comuna 16,58,2024-01-30,29499
comuna 7,26,2024-06-25,3574
comuna 9,21,2024-06-23,23349
comuna 10,45,2024-07-31,21242
comuna 3,94,2024-01-30,42486
comuna 13,91,2024-01-30,37453
comuna 12,28,2024-01-30,2273
comuna 4,62,2024-06-23,31196
comuna 2,11,2024-06-25,26029
comuna 1,79,2024-06-25,37194
comuna 2,62,2024-06-25,19754
comuna 10,81,2024-07-31,25550
comuna 8,66,2024-06-25,45357
comuna 11,87,2024-07-31,27089
comuna 8,93,2024-07-31,18838
comuna 4,69,2024-01-30,17180
comuna 11,17,2024-06-25,5893
comuna 15,94,2024-07-31,19520
comuna 9,85,2024-01-30,47099
comuna 14,10,2024-07-31,19940
comuna 11,81,2024-06-25,47950
comuna 5,59,2024-06-25,13666
comuna 9,29,2024-01-30,37498
comuna 2,41,2024-06-25,43435
comuna 16,94,2024-07-31,13598
comuna 6,21,2024-06-23,18289
comuna 7,90,2024-06-25,5826
comuna 4,15,2024-01-30,18581
comuna 16,79,2024-06-25,33855
comuna 15,92,2024-07-31,35843
comuna 14,74,2024-06-23,13641
comuna 16,54,2024-07-31,5276
comuna 11,78,2024-06-25,6212
comuna 10,87,2024-01-30,44598
comuna 2,88,2024-01-30,18892
comuna 9,47,2024-01-30,30501
comuna 1,16,2024-01-30,10783
comuna 9,28,2024-01-30,42737
comuna 12,62,2024-06-25,24634
comuna 2,96,2024-06-25,37383
comuna 14,90,2024-07-31,18760
comuna 12,100,2024-01-30,11258
comuna 1,39,2024-06-23,38781
comuna 7,85,2024-01-30,43349
comuna 11,82,2024-07-31,21372
comuna 9,48,2024-07-31,48454
comuna 8,94,2024-06-23,7910
comuna 5,20,2024-07-31,48337
comuna 15,51,2024-07-31,70
comuna 15,47,2024-01-30,22642
comuna 14,98,2024-01-30,607
comuna 13,66,2024-07-31,47539
comuna 15,74,2024-01-30,591
comuna 8,61,2024-01-30,19390
comuna 15,75,2024-07-31,18006
comuna 15,88,2024-01-30,1902
comuna 15,97,2024-06-25,12627
comuna 7,64,2024-06-25,41482
comuna 14,37,2024-01-30,23248
comuna 11,36,2024-07-31,36740
comuna 7,46,2024-01-30,38059
comuna 3,83,2024-07-31,27769
comuna 2,50,2024-06-23,14441
comuna 6,41,2024-06-25,44791
comuna 13,80,2024-06-25,1829
comuna 6,88,2024-06-25,30911
comuna 8,92,2024-06-25,26451
comuna 16,98,2024-06-23,21077
comuna 15,93,2024-01-30,44211
comuna 2,65,2024-06-23,7236
comuna 7,38,2024-01-30,8298
comuna 10,23,2024-06-25,46894
comuna 10,89,2024-06-23,24785
comuna 3,85,2024-07-31,19935
comuna 7,96,2024-07-31,26470
comuna 2,96,2024-06-23,34718
comuna 14,67,2024-01-30,30761
comuna 9,52,2024-06-25,36786
comuna 8,49,2024-07-31,5958
comuna 16,58,2024-07-31,15145
comuna 13,44,2024-01-30,5175
comuna 15,19,2024-06-25,3145
comuna 8,16,2024-06-23,25701
comuna 8,59,2024-06-25,4352
comuna 4,100,2024-06-25,4865
comuna 13,18,2024-06-23,7300
comuna 12,42,2024-06-23,5274
comuna 15,46,2024-06-23,16480
comuna 6,96,2024-01-30,17212
comuna 5,41,2024-01-30,44655
comuna 11,78,2024-06-23,11867
comuna 2,69,2024-01-30,7778
comuna 6,51,2024-06-25,21689
comuna 11,25,2024-01-30,41886
comuna 2,86,2024-07-31,21901
comuna 1,75,2024-06-25,13367
comuna 9,34,2024-06-23,16982
comuna 4,68,2024-06-23,30664
comuna 4,75,2024-06-25,18694
comuna 12,11,2024-07-31,45794
comuna 5,28,2024-06-25,34844
comuna 8,98,2024-01-30,27455
comuna 7,69,2024-06-25,6610
comuna 9,35,2024-06-25,23293
comuna 4,62,2024-06-25,30053
comuna 3,70,2024-07-31,36882
comuna 1,95,2024-01-30,2335
comuna 9,49,2024-06-25,34961
comuna 3,31,2024-06-23,16129
comuna 13,12,2024-01-30,22344
comuna 7,37,2024-06-25,31568
comuna 13,74,2024-06-23,14644
comuna 11,71,2024-01-30,36175
comuna 7,17,2024-06-23,26442
comuna 13,98,2024-01-30,42144
comuna 10,27,2024-06-23,28313
comuna 5,13,2024-06-23,39815
comuna 10,68,2024-07-31,12534
comuna 6,36,2024-07-31,21310
comuna 14,86,2024-07-31,20767
comuna 5,38,2024-06-23,19785
comuna 16,45,2024-06-23,1340
comuna 2,83,2024-06-25,34181
comuna 6,18,2024-06-23,3296
comuna 10,55,2024-01-30,17472
comuna 5,50,2024-01-30,3440
comuna 6,56,2024-07-31,43510
comuna 1,60,2024-06-23,36039
comuna 16,15,2024-06-23,12729
comuna 1,14,2024-07-31,17355
comuna 3,27,2024-01-30,17660
comuna 13,96,2024-01-30,6920
comuna 5,99,2024-06-23,7082
comuna 6,56,2024-06-25,6869
comuna 3,23,2024-06-25,14894
comuna 4,47,2024-07-31,39677
comuna 10,52,2024-07-31,40819
comuna 7,25,2024-06-25,47563
comuna 8,66,2024-07-31,401
comuna 9,34,2024-01-30,29960
comuna 9,40,2024-06-25,20595
comuna 10,82,2024-06-23,1986
comuna 3,29,2024-01-30,32351
comuna 7,83,2024-07-31,38015
comuna 16,30,2024-01-30,10976
comuna 11,15,2024-07-31,9981
comuna 16,64,2024-07-31,38049
comuna 12,29,2024-06-23,34753
comuna 7,37,2024-06-25,22321
comuna 2,35,2024-06-25,1831
comuna 16,43,2024-06-23,46392
comuna 4,55,2024-06-23,40491
comuna 8,62,2024-06-23,11503
comuna 9,17,2024-06-25,5700
comuna 12,64,2024-06-25,38111
comuna 16,28,2024-06-25,31414
comuna 14,57,2024-06-23,31576
comuna 9,12,2024-07-31,36131
comuna 11,41,2024-01-30,6224
comuna 7,44,2024-01-30,23361
comuna 10,72,2024-06-23,2960
comuna 7,37,2024-06-23,23589
comuna 3,68,2024-01-30,1024
comuna 11,39,2024-06-23,8962
comuna 10,81,2024-06-23,35993
comuna 9,38,2024-06-25,21454
comuna 15,60,2024-07-31,34006
comuna 15,95,2024-06-23,4131
comuna 8,85,2024-07-31,31151
comuna 8,45,2024-07-31,17109
comuna 3,49,2024-06-23,21553
comuna 2,92,2024-07-31,5710
comuna 10,80,2024-07-31,44768
comuna 12,68,2024-06-25,29736
comuna 12,65,2024-06-23,27061
comuna 8,53,2024-06-25,11863
comuna 6,58,2024-07-31,36649
comuna 9,98,2024-06-23,32458
comuna 5,32,2024-06-23,41185
comuna 8,36,2024-07-31,6249
comuna 10,62,2024-01-30,11236
comuna 13,60,2024-01-30,30575
comuna 16,94,2024-07-31,9534
comuna 12,95,2024-06-25,1084
comuna 1,22,2024-06-25,3720
comuna 1,50,2024-06-23,45355
comuna 15,24,2024-06-23,46594
comuna 2,34,2024-07-31,5808
comuna 8,54,2024-07-31,49006
comuna 5,56,2024-06-23,43430
comuna 9,30,2024-06-25,23137
comuna 2,14,2024-01-30,7935
comuna 6,64,2024-06-23,25996
comuna 14,77,2024-06-25,12095
comuna 5,28,2024-07-31,11331
comuna 4,88,2024-07-31,34004
comuna 10,57,2024-06-25,8980
comuna 3,68,2024-01-30,20086
comuna 5,80,2024-07-31,15067
comuna 15,26,2024-06-25,14091
comuna 14,65,2024-06-23,36467
comuna 10,84,2024-07-31,20621
comuna 15,28,2024-01-30,27428
comuna 12,81,2024-06-23,27308
comuna 15,55,2024-06-23,20291
comuna 11,99,2024-06-23,37744
comuna 9,52,2024-06-23,42391
comuna 15,12,2024-06-23,30402
comuna 8,17,2024-06-23,38227
comuna 4,65,2024-07-31,4487
comuna 10,82,2024-01-30,8822
comuna 15,99,2024-07-31,15702
comuna 2,72,2024-07-31,5922
comuna 15,49,2024-06-23,16269
comuna 1,62,2024-01-30,22912
comuna 7,48,2024-06-23,9481
comuna 12,36,2024-06-25,48496
comuna 8,33,2024-06-25,1551
comuna 9,93,2024-06-25,34439
comuna 15,32,2024-07-31,49065
comuna 15,83,2024-01-30,14876
comuna 15,65,2024-07-31,38897
comuna 1,68,2024-01-30,40659
comuna 15,53,2024-01-30,14034
comuna 16,63,2024-01-30,10267
comuna 8,27,2024-01-30,8232
comuna 8,59,2024-07-31,2052
comuna 7,51,2024-06-23,26709
comuna 10,10,2024-07-31,34463
comuna 14,100,2024-06-23,47519
comuna 12,91,2024-06-23,3663
comuna 10,91,2024-01-30,38815
comuna 1,36,2024-07-31,44786
comuna 3,100,2024-01-30,31058
comuna 3,95,2024-07-31,31883
comuna 16,58,2024-06-23,34713
comuna 4,40,2024-07-31,8773
comuna 3,89,2024-06-23,49040
comuna 3,28,2024-06-23,23123
comuna 2,73,2024-07-31,30091
comuna 14,15,2024-01-30,27433
comuna 15,41,2024-01-30,9997
comuna 10,11,2024-06-23,9647
comuna 11,71,2024-06-23,39976
comuna 9,61,2024-06-25,37251
comuna 1,89,2024-07-31,4877
comuna 9,65,2024-01-30,26745
comuna 3,49,2024-06-25,36314
comuna 2,78,2024-01-30,7493
comuna 16,53,2024-01-30,5940
comuna 5,41,2024-07-31,13065
comuna 14,57,2024-06-23,48164
comuna 16,73,2024-06-25,15261
comuna 15,96,2024-06-23,26751
comuna 16,28,2024-01-30,3352
comuna 14,50,2024-06-25,43047
comuna 11,75,2024-01-30,40786
comuna 5,93,2024-07-31,14682
comuna 4,54,2024-01-30,21622
comuna 11,67,2024-07-31,43953
comuna 8,16,2024-07-31,46079
comuna 2,37,2024-07-31,39715
comuna 14,64,2024-01-30,11128
comuna 8,33,2024-01-30,36200
comuna 7,35,2024-06-23,29365
comuna 1,93,2024-06-23,356
comuna 9,70,2024-06-23,41108
comuna 7,86,2024-06-23,22808
comuna 7,56,2024-01-30,16388
comuna 6,50,2024-07-31,10393
comuna 5,37,2024-06-25,20038
comuna 12,57,2024-07-31,24161
comuna 12,44,2024-06-25,19616
comuna 12,46,2024-06-25,32009
comuna 6,16,2024-06-25,5623
comuna 5,12,2024-07-31,23911
comuna 12,89,2024-06-23,14850
comuna 11,40,2024-07-31,24772
comuna 15,70,2024-01-30,2968
comuna 13,61,2024-06-23,42591
comuna 11,85,2024-07-31,32429
comuna 12,84,2024-01-30,46300
comuna 10,67,2024-01-30,5864
comuna 16,38,2024-06-23,23284
comuna 1,74,2024-07-31,36939
comuna 3,86,2024-06-25,5065
comuna 11,18,2024-01-30,42264
comuna 2,90,2024-06-23,29723
comuna 14,55,2024-01-30,16301
comuna 4,69,2024-07-31,28747
comuna 16,35,2024-07-31,33067
comuna 9,93,2024-07-31,26595
comuna 12,61,2024-01-30,45891
comuna 2,56,2024-06-23,34427
comuna 7,34,2024-06-25,12573
comuna 13,79,2024-06-25,29121
comuna 12,17,2024-01-30,7219
comuna 16,65,2024-06-25,20456
comuna 3,79,2024-01-30,1772
comuna 1,21,2024-06-23,12942
comuna 14,30,2024-07-31,45982
comuna 4,79,2024-06-25,31182
comuna 3,34,2024-06-23,16583
comuna 5,63,2024-06-23,11926
comuna 10,94,2024-07-31,8656
comuna 5,63,2024-06-23,30538
comuna 3,28,2024-01-30,48845
comuna 10,70,2024-06-25,12158
comuna 4,66,2024-07-31,14419
comuna 8,33,2024-06-23,41687
comuna 11,95,2024-07-31,4859
comuna 6,49,2024-06-25,6544
comuna 8,66,2024-01-30,10918
comuna 3,42,2024-01-30,48390
comuna 5,65,2024-06-25,49803
comuna 10,51,2024-01-30,48653
comuna 10,66,2024-06-23,45929
comuna 7,24,2024-07-31,99
comuna 15,96,2024-01-30,12268
comuna 10,87,2024-06-25,24162
comuna 3,27,2024-06-25,18583
comuna 15,50,2024-01-30,21320
comuna 11,22,2024-06-25,32670
comuna 6,89,2024-01-30,19964
comuna 6,81,2024-06-25,15751
comuna 5,21,2024-06-25,32165
comuna 8,43,2024-01-30,9834
comuna 10,44,2024-07-31,37878
comuna 9,65,2024-06-25,14718
comuna 9,42,2024-06-25,18063
comuna 6,42,2024-06-25,28107
comuna 1,45,2024-06-23,41566
comuna 6,54,2024-01-30,2266
comuna 1,100,2024-06-23,44773
comuna 14,65,2024-01-30,40787
comuna 10,51,2024-06-25,11636
comuna 15,71,2024-06-25,29145
comuna 5,12,2024-06-23,48420
comuna 14,64,2024-01-30,3916
comuna 7,41,2024-06-25,34118
comuna 12,71,2024-07-31,35341
comuna 13,53,2024-06-23,44516
comuna 14,28,2024-06-23,8234
comuna 8,34,2024-01-30,23500
comuna 9,88,2024-06-23,28423
comuna 3,11,2024-06-23,18707
comuna 14,20,2024-07-31,42634
comuna 12,81,2024-07-31,6079
comuna 7,65,2024-01-30,45226
comuna 16,14,2024-06-25,36257
comuna 4,11,2024-06-23,48245
comuna 2,90,2024-07-31,44796
comuna 4,72,2024-01-30,296
comuna 13,51,2024-07-31,2983
comuna 15,80,2024-07-31,35815
comuna 6,22,2024-06-25,24877
comuna 2,88,2024-07-31,11488
comuna 7,20,2024-06-23,25186
comuna 16,19,2024-07-31,46259
comuna 5,63,2024-01-30,16469
comuna 12,53,2024-06-23,42031
comuna 11,39,2024-06-23,48163
comuna 10,92,2024-06-25,4637
comuna 2,38,2024-06-23,33059
comuna 1,60,2024-01-30,32943
comuna 15,58,2024-06-23,40835
comuna 11,36,2024-06-23,46983
comuna 12,16,2024-01-30,49221
comuna 9,20,2024-06-23,21499
comuna 2,43,2024-01-30,38730
comuna 14,30,2024-07-31,14761
comuna 2,32,2024-06-25,7230
comuna 2,73,2024-07-31,40969
comuna 6,36,2024-06-23,14900
comuna 16,55,2024-06-25,28998
comuna 13,81,2024-06-23,13980
comuna 15,76,2024-06-25,15619
comuna 9,36,2024-01-30,23576
comuna 3,60,2024-01-30,28888
comuna 12,73,2024-01-30,38198
comuna 12,70,2024-06-23,32929
comuna 12,10,2024-06-25,21547
comuna 12,96,2024-01-30,38278
comuna 14,52,2024-06-23,12876
comuna 1,56,2024-01-30,25826
comuna 7,28,2024-06-25,33834
comuna 12,31,2024-06-25,3223
comuna 14,83,2024-06-23,21580
comuna 8,30,2024-06-23,19862
comuna 3,69,2024-01-30,47397
comuna 16,95,2024-01-30,13302
comuna 8,19,2024-06-25,25632
comuna 5,62,2024-01-30,11542
comuna 11,18,2024-06-25,46561
comuna 3,86,2024-06-23,18284
comuna 12,26,2024-01-30,38918
comuna 12,12,2024-06-23,3794
comuna 11,52,2024-06-25,23016
comuna 13,23,2024-06-25,48828
comuna 10,85,2024-01-30,35153
comuna 14,35,2024-07-31,41726
comuna 4,44,2024-01-30,35411
comuna 15,24,2024-07-31,34647
comuna 6,11,2024-06-23,33645
comuna 15,39,2024-06-23,17490
comuna 1,31,2024-06-23,32517
comuna 4,82,2024-06-25,33334
comuna 16,65,2024-06-25,20920
comuna 8,67,2024-01-30,8171
comuna 4,82,2024-06-25,2900
comuna 1,89,2024-07-31,48037
comuna 11,71,2024-06-23,31495
comuna 2,79,2024-01-30,44522
comuna 5,74,2024-01-30,38685
comuna 12,27,2024-07-31,43239
comuna 15,59,2024-06-23,46673
comuna 1,86,2024-07-31,40053
comuna 5,18,2024-06-23,12152
comuna 15,18,2024-07-31,34214
comuna 2,93,2024-07-31,27230
comuna 7,98,2024-07-31,14342
comuna 3,22,2024-01-30,19539
comuna 15,58,2024-07-31,1090
comuna 14,16,2024-07-31,22684
comuna 1,60,2024-06-25,16798
comuna 6,40,2024-06-23,35143
comuna 6,95,2024-07-31,40469
comuna 2,28,2024-06-23,10195
comuna 1,23,2024-01-30,29165
comuna 10,66,2024-06-23,21679
comuna 16,33,2024-06-23,11684
comuna 4,59,2024-06-25,24759
comuna 11,61,2024-07-31,21797
comuna 11,89,2024-06-25,15240
comuna 10,82,2024-06-23,36536
comuna 12,72,2024-06-23,37566
comuna 9,69,2024-07-31,41221
comuna 10,81,2024-07-31,14085
comuna 9,61,2024-07-31,45731
comuna 13,27,2024-06-23,40002
comuna 12,19,2024-06-23,7831
comuna 1,72,2024-01-30,36585
comuna 5,23,2024-06-23,21509
comuna 2,95,2024-07-31,38714
comuna 13,42,2024-01-30,19446
comuna 10,26,2024-06-23,13673
comuna 13,63,2024-01-30,38630
comuna 4,51,2024-07-31,34248
comuna 6,97,2024-07-31,23049
comuna 14,47,2024-07-31,37126
comuna 16,39,2024-06-23,16613
comuna 12,84,2024-01-30,4192
comuna 10,75,2024-06-23,47197
comuna 9,58,2024-07-31,25332
comuna 3,17,2024-07-31,29117
comuna 9,57,2024-07-31,5965
comuna 6,37,2024-06-25,19843
comuna 8,34,2024-06-25,30502
comuna 12,27,2024-06-23,35100
comuna 8,94,2024-01-30,2679
comuna 2,67,2024-06-25,42943
comuna 10,86,2024-07-31,31849
comuna 12,23,2024-07-31,22102
comuna 9,89,2024-07-31,5256
comuna 13,98,2024-01-30,3602
comuna 8,17,2024-06-23,23479
comuna 11,95,2024-06-25,46949
comuna 5,71,2024-06-25,22520
comuna 12,12,2024-01-30,42463
comuna 1,17,2024-06-25,30935
comuna 14,70,2024-06-25,25435
comuna 1,85,2024-07-31,45054
comuna 16,43,2024-01-30,6555
comuna 5,15,2024-01-30,11616
comuna 9,31,2024-06-23,8829
comuna 2,18,2024-06-23,7672
comuna 12,77,2024-06-23,20259
comuna 6,39,2024-01-30,11530
comuna 14,10,2024-07-31,40633
comuna 12,94,2024-06-23,49330
comuna 12,42,2024-06-23,42436
comuna 12,75,2024-06-23,23354
comuna 3,46,2024-06-23,8501
comuna 2,11,2024-06-25,17966
comuna 12,69,2024-06-25,47947
comuna 14,19,2024-06-23,23801
comuna 8,33,2024-06-23,10794
comuna 16,50,2024-06-25,34901
comuna 8,49,2024-07-31,30772
comuna 14,94,2024-06-25,15457
comuna 15,60,2024-01-30,16396
comuna 7,94,2024-07-31,14931
comuna 9,26,2024-06-23,8478
comuna 10,97,2024-07-31,32814
comuna 13,92,2024-07-31,12522
comuna 16,37,2024-06-23,4464
comuna 15,47,2024-07-31,11026
comuna 14,18,2024-01-30,29285
comuna 15,45,2024-06-23,25640
comuna 7,98,2024-01-30,47820
comuna 7,51,2024-07-31,11525
comuna 6,73,2024-01-30,18126
comuna 4,82,2024-07-31,16584
comuna 3,93,2024-06-23,29247
comuna 7,74,2024-07-31,32465
comuna 3,16,2024-07-31,48626
comuna 4,74,2024-07-31,14045
comuna 3,57,2024-06-23,23180
comuna 14,31,2024-06-23,29760
comuna 6,44,2024-06-25,21205
comuna 5,19,2024-06-25,5335
comuna 5,18,2024-01-30,27003
comuna 9,27,2024-06-23,9159
comuna 2,79,2024-06-23,21057
comuna 4,66,2024-06-25,33536
comuna 14,47,2024-01-30,21229
comuna 12,84,2024-06-23,24227
comuna 16,81,2024-07-31,31317
comuna 10,56,2024-07-31,31790
comuna 11,81,2024-07-31,1533
comuna 3,43,2024-07-31,13007
comuna 14,28,2024-01-30,44630
comuna 12,31,2024-06-23,29738
comuna 13,76,2024-07-31,28177
comuna 1,34,2024-07-31,10430
comuna 16,36,2024-01-30,34923
comuna 4,75,2024-06-23,7109
comuna 8,88,2024-06-25,7496
comuna 9,78,2024-06-25,33798
comuna 3,51,2024-01-30,25297
comuna 6,59,2024-07-31,20909
comuna 8,48,2024-06-25,21201
comuna 11,55,2024-01-30,11389
comuna 4,68,2024-06-25,49719
comuna 6,15,2024-06-25,12884
comuna 2,65,2024-07-31,16387
comuna 16,20,2024-07-31,37019
comuna 13,100,2024-06-25,15261
comuna 4,61,2024-07-31,49368
comuna 6,22,2024-01-30,20947
comuna 4,64,2024-07-31,17531
comuna 1,54,2024-07-31,12674
comuna 8,21,2024-06-25,32695
comuna 14,67,2024-06-23,32723
comuna 12,55,2024-06-23,49062
comuna 16,52,2024-06-25,11206
comuna 6,22,2024-01-30,24185
comuna 14,17,2024-01-30,270
comuna 13,20,2024-07-31,22584
comuna 3,85,2024-01-30,9740
comuna 2,96,2024-06-23,13940
comuna 15,24,2024-01-30,17217
comuna 15,86,2024-06-23,4466
comuna 2,85,2024-06-25,9850
comuna 11,31,2024-06-25,9711
comuna 15,18,2024-06-25,17144
comuna 14,61,2024-07-31,28158
comuna 10,47,2024-06-25,6817
comuna 1,23,2024-06-23,5717
comuna 9,25,2024-01-30,32134
comuna 5,88,2024-01-30,27944
comuna 3,29,2024-01-30,42427
comuna 1,19,2024-06-23,31962
comuna 10,60,2024-07-31,42150
comuna 14,10,2024-06-23,37952
comuna 15,26,2024-06-25,2955
comuna 14,92,2024-01-30,44148
comuna 2,35,2024-07-31,17430
comuna 12,42,2024-01-30,34617
comuna 2,96,2024-07-31,12466
comuna 4,21,2024-06-25,2309
comuna 12,27,2024-06-23,8565
comuna 9,64,2024-06-23,20651
comuna 4,28,2024-01-30,28253
comuna 1,71,2024-06-23,10286
comuna 16,73,2024-06-25,39298
comuna 6,72,2024-06-23,13211
comuna 10,13,2024-07-31,5268
comuna 10,69,2024-01-30,17191
comuna 10,13,2024-01-30,25086
comuna 5,98,2024-01-30,7680
comuna 4,21,2024-06-23,15865
comuna 9,14,2024-01-30,47238
comuna 14,59,2024-06-25,46364
comuna 14,17,2024-07-31,26867
comuna 2,26,2024-06-25,9944
comuna 4,96,2024-06-25,45411
comuna 3,68,2024-01-30,26528
comuna 9,78,2024-01-30,27911
comuna 10,64,2024-06-23,26604
comuna 13,66,2024-01-30,26218
comuna 3,62,2024-07-31,28151
comuna 1,37,2024-06-25,15446
comuna 16,42,2024-07-31,44807
comuna 8,44,2024-01-30,40229
comuna 12,13,2024-06-25,45380
comuna 11,15,2024-07-31,1801
comuna 14,40,2024-06-23,27413
comuna 9,83,2024-07-31,35467
comuna 9,14,2024-06-23,13162
comuna 13,42,2024-07-31,45772
comuna 11,98,2024-06-23,2565
comuna 7,35,2024-01-30,19700
comuna 15,45,2024-07-31,3897
comuna 4,19,2024-06-23,4589
comuna 3,96,2024-01-30,23808
comuna 11,92,2024-07-31,46626
comuna 5,55,2024-07-31,37294
comuna 2,79,2024-07-31,31400
comuna 15,46,2024-01-30,43702
comuna 14,58,2024-06-25,21680
comuna 5,96,2024-01-30,39130
comuna 15,77,2024-07-31,45174
comuna 9,13,2024-06-25,5770
comuna 9,77,2024-06-23,21843
comuna 9,56,2024-01-30,11960
comuna 16,63,2024-07-31,34917
comuna 8,77,2024-07-31,12572
comuna 6,82,2024-01-30,39392
comuna 1,38,2024-06-25,40359
comuna 5,17,2024-06-25,47325
comuna 1,36,2024-07-31,41782
comuna 2,61,2024-06-25,9298
comuna 10,55,2024-01-30,3864
comuna 1,64,2024-07-31,8694
comuna 10,53,2024-01-30,39509
comuna 4,52,2024-06-23,34512
comuna 10,77,2024-07-31,11204
comuna 4,35,2024-01-30,41538
comuna 2,69,2024-07-31,21408
comuna 5,87,2024-07-31,37944
comuna 1,94,2024-07-31,11443
comuna 12,36,2024-01-30,16237
comuna 16,82,2024-01-30,10977
comuna 1,96,2024-07-31,919
comuna 6,90,2024-06-25,39484
comuna 7,35,2024-01-30,49572
comuna 6,19,2024-07-31,29778
comuna 8,89,2024-07-31,6275
comuna 10,86,2024-06-25,48644
comuna 7,12,2024-06-25,6876
comuna 7,46,2024-01-30,20744
comuna 7,90,2024-07-31,10415
comuna 8,21,2024-06-25,23416
comuna 5,22,2024-06-23,2337
comuna 7,91,2024-06-25,8048
comuna 11,50,2024-06-23,47163
comuna 11,38,2024-07-31,11910
comuna 5,79,2024-01-30,14929
comuna 8,60,2024-06-25,28403
comuna 9,43,2024-01-30,44908
comuna 11,59,2024-07-31,33559
comuna 9,26,2024-06-23,32954
comuna 3,14,2024-07-31,31569
comuna 15,90,2024-01-30,192
comuna 13,23,2024-07-31,15331
comuna 5,68,2024-07-31,8213
comuna 7,59,2024-01-30,29321
comuna 4,72,2024-01-30,31681
comuna 16,24,2024-07-31,30210
comuna 11,50,2024-06-23,2363
comuna 6,73,2024-06-25,21565
comuna 13,10,2024-06-23,10648
comuna 12,11,2024-01-30,31577
comuna 13,23,2024-06-25,7223
comuna 12,71,2024-06-25,25108
comuna 7,98,2024-06-23,11877
comuna 2,38,2024-01-30,45913
comuna 6,51,2024-06-23,45931
comuna 5,58,2024-07-31,15697
comuna 13,52,2024-06-25,8562
comuna 7,40,2024-01-30,111
comuna 10,61,2024-07-31,46825
comuna 4,81,2024-06-23,12238
comuna 8,86,2024-01-30,44246
comuna 1,90,2024-06-25,30517
comuna 4,86,2024-01-30,38902
comuna 16,75,2024-06-25,47503
comuna 5,63,2024-07-31,15977
comuna 13,51,2024-01-30,20565
comuna 5,62,2024-07-31,5758
comuna 1,93,2024-06-25,15499
comuna 9,42,2024-06-23,32698
comuna 7,64,2024-06-23,17940
comuna 6,52,2024-06-25,29400
comuna 4,26,2024-06-25,13274
comuna 1,55,2024-06-23,42858
comuna 3,35,2024-01-30,33226
comuna 3,88,2024-01-30,31581
comuna 8,48,2024-06-23,29736
comuna 16,48,2024-06-23,46579
comuna 1,55,2024-06-23,1281
comuna 15,64,2024-01-30,10337
comuna 13,34,2024-07-31,31124
comuna 4,71,2024-06-23,38539
comuna 7,42,2024-06-25,17499
comuna 1,85,2024-06-23,48859
comuna 16,20,2024-06-23,45195
comuna 14,20,2024-01-30,18946
comuna 7,95,2024-06-23,16344
comuna 14,30,2024-01-30,3604
comuna 1,31,2024-06-23,31130
comuna 10,50,2024-01-30,19799
comuna 1,69,2024-06-23,44816
comuna 11,11,2024-06-23,33313
comuna 1,99,2024-07-31,19006
comuna 13,38,2024-01-30,16561
comuna 15,61,2024-06-25,21940
comuna 11,63,2024-07-31,35937
comuna 13,40,2024-07-31,36130
comuna 8,56,2024-07-31,5723
comuna 2,30,2024-06-25,7404
comuna 5,16,2024-01-30,6830
comuna 1,80,2024-06-25,37950
comuna 13,23,2024-07-31,11038
comuna 7,83,2024-06-25,541
comuna 6,96,2024-06-25,39165
comuna 16,77,2024-06-25,8549
comuna 3,39,2024-07-31,33559
comuna 9,43,2024-06-23,46577
comuna 13,39,2024-01-30,27934
comuna 1,59,2024-01-30,37592
comuna 7,43,2024-01-30,22090
comuna 15,15,2024-06-23,7867
comuna 12,77,2024-01-30,40328
comuna 6,55,2024-07-31,21020
comuna 1,51,2024-06-23,26641
comuna 2,42,2024-01-30,30279
comuna 5,26,2024-07-31,37860
comuna 9,20,2024-01-30,18870
comuna 11,46,2024-06-25,48543
comuna 11,39,2024-01-30,44881
comuna 12,99,2024-06-23,8013
comuna 10,95,2024-06-25,32925
comuna 16,14,2024-01-30,45377
comuna 8,26,2024-06-25,1050
comuna 10,28,2024-01-30,27065
comuna 14,26,2024-07-31,29817
comuna 10,73,2024-06-23,27090
comuna 1,10,2024-07-31,43749
comuna 15,62,2024-07-31,17123
comuna 7,99,2024-06-25,38730
comuna 11,70,2024-07-31,2071
comuna 14,69,2024-06-23,10103
comuna 5,84,2024-06-25,30486
comuna 6,41,2024-06-25,46568
comuna 3,59,2024-01-30,11995
comuna 9,74,2024-01-30,29407
comuna 14,57,2024-06-25,25160
comuna 14,48,2024-07-31,43569
comuna 12,76,2024-06-25,31313
comuna 11,82,2024-01-30,8979
comuna 4,44,2024-06-25,42483
comuna 12,46,2024-06-25,17047
comuna 7,58,2024-07-31,48376
comuna 12,47,2024-06-23,22879
comuna 11,86,2024-06-23,30085
comuna 8,83,2024-07-31,21473
comuna 13,39,2024-07-31,34348
comuna 5,21,2024-06-25,17953
comuna 6,63,2024-06-23,4912
comuna 1,97,2024-06-25,48367
comuna 15,60,2024-06-23,304
comuna 3,87,2024-06-23,44902
comuna 3,86,2024-06-25,1540
comuna 2,34,2024-06-25,27043
comuna 7,71,2024-06-25,28042
comuna 14,60,2024-06-25,26807
comuna 6,71,2024-07-31,2063
comuna 13,23,2024-06-23,14054
comuna 6,49,2024-01-30,16570
comuna 4,88,2024-07-31,47967
comuna 3,55,2024-01-30,35809
comuna 12,78,2024-07-31,11376
comuna 14,51,2024-07-31,22668
comuna 16,97,2024-01-30,6914
comuna 9,96,2024-07-31,10157
comuna 9,67,2024-01-30,12023
comuna 4,83,2024-01-30,36367
comuna 7,78,2024-06-25,47633
comuna 16,22,2024-06-23,25937
comuna 6,45,2024-07-31,44238
comuna 4,20,2024-06-23,21300
comuna 14,65,2024-01-30,31855
comuna 16,24,2024-06-23,17109
comuna 5,69,2024-01-30,45421
comuna 13,63,2024-01-30,19232
comuna 14,62,2024-07-31,183
comuna 3,50,2024-06-23,23580
comuna 5,55,2024-07-31,45861
comuna 3,68,2024-01-30,9450
comuna 5,22,2024-07-31,25377
comuna 2,23,2024-07-31,854
comuna 8,90,2024-06-23,33937
comuna 16,18,2024-06-25,3742
comuna 5,32,2024-07-31,25002
comuna 10,74,2024-07-31,28675
comuna 7,88,2024-01-30,46702
comuna 14,100,2024-07-31,37757
comuna 14,60,2024-07-31,28141
comuna 9,76,2024-06-23,35582
comuna 7,67,2024-06-25,23759
comuna 6,100,2024-07-31,4885
comuna 9,40,2024-06-25,25870
comuna 6,85,2024-06-23,39801
comuna 3,56,2024-06-23,38820
comuna 15,80,2024-07-31,25111
comuna 14,100,2024-07-31,21873
comuna 16,40,2024-06-23,2903
comuna 12,28,2024-06-25,19701
comuna 9,84,2024-06-23,3170
comuna 7,64,2024-06-25,37721
comuna 3,78,2024-06-25,22008
comuna 6,44,2024-06-23,22022
comuna 15,80,2024-06-25,21800
comuna 13,56,2024-06-23,27622
comuna 6,99,2024-07-31,46361
comuna 1,80,2024-01-30,15022
comuna 3,48,2024-07-31,41510
comuna 14,87,2024-06-25,14693
comuna 12,81,2024-07-31,45548
comuna 5,39,2024-06-25,40533
comuna 9,65,2024-01-30,28600
comuna 9,87,2024-06-23,27510
comuna 8,12,2024-01-30,13862
comuna 13,88,2024-06-23,1429
comuna 12,26,2024-01-30,35452
comuna 11,81,2024-07-31,2117
comuna 13,38,2024-06-23,6492
comuna 7,65,2024-01-30,42919
comuna 13,42,2024-07-31,3
comuna 10,44,2024-07-31,10237
comuna 9,12,2024-07-31,24845
comuna 11,65,2024-01-30,1199
comuna 10,14,2024-01-30,18206
comuna 11,37,2024-06-23,23904
comuna 15,26,2024-06-23,30132
comuna 15,18,2024-07-31,22415
comuna 9,58,2024-07-31,2415
comuna 5,10,2024-06-23,17672
comuna 10,16,2024-06-25,14740
comuna 6,56,2024-01-30,37637
comuna 1,58,2024-07-31,25763
comuna 13,50,2024-01-30,1807
comuna 7,80,2024-07-31,17251
comuna 7,10,2024-06-25,25362
comuna 5,57,2024-07-31,32240
comuna 5,79,2024-06-25,32273
comuna 2,80,2024-01-30,25480
comuna 11,69,2024-07-31,48242
comuna 2,38,2024-06-25,30855
comuna 1,84,2024-06-23,49677
comuna 1,50,2024-01-30,3625
comuna 11,31,2024-01-30,34372
comuna 6,79,2024-01-30,3867
comuna 16,86,2024-06-25,6572
comuna 10,49,2024-01-30,22017
comuna 6,49,2024-06-25,17761
comuna 11,34,2024-01-30,36888
comuna 4,59,2024-07-31,33813
comuna 10,33,2024-06-23,21971
comuna 8,21,2024-07-31,17651
comuna 2,49,2024-01-30,10416
comuna 7,98,2024-06-23,49887
comuna 15,86,2024-06-25,25473
comuna 13,28,2024-07-31,30954
comuna 6,34,2024-06-23,43056
comuna 14,14,2024-07-31,28128
comuna 10,83,2024-07-31,45544
comuna 7,86,2024-01-30,25718
comuna 1,85,2024-01-30,21773
comuna 12,24,2024-07-31,30743
comuna 13,73,2024-01-30,17573
comuna 15,86,2024-06-25,5347
comuna 10,39,2024-01-30,19609
comuna 6,84,2024-06-25,12256
comuna 12,13,2024-06-25,47795
comuna 16,48,2024-06-25,1317
comuna 5,65,2024-07-31,33846
comuna 3,42,2024-01-30,9584
comuna 16,86,2024-07-31,33544
comuna 8,32,2024-06-25,44045
comuna 15,64,2024-06-23,34177
comuna 8,33,2024-01-30,32449
comuna 12,70,2024-06-25,25228
comuna 4,100,2024-01-30,25937
comuna 8,40,2024-01-30,23064
comuna 9,53,2024-06-23,25773
comuna 15,62,2024-06-25,862
comuna 12,39,2024-01-30,39648
comuna 15,58,2024-06-25,37781
comuna 13,68,2024-06-23,19561
comuna 5,66,2024-07-31,36646
comuna 7,14,2024-06-23,37963
comuna 14,91,2024-01-30,36422
comuna 7,85,2024-06-23,44927
comuna 2,17,2024-01-30,10585
comuna 10,93,2024-01-30,45320
comuna 6,27,2024-01-30,3181
comuna 3,22,2024-06-23,13555
comuna 4,23,2024-07-31,27065
comuna 15,90,2024-06-25,38896
comuna 8,98,2024-07-31,31591
comuna 15,67,2024-07-31,48181
comuna 10,33,2024-01-30,24678
comuna 6,60,2024-06-25,45825
comuna 10,70,2024-06-23,40219
comuna 16,89,2024-01-30,34929
comuna 16,36,2024-07-31,3547
comuna 8,50,2024-06-23,22431
comuna 7,12,2024-06-23,41606
comuna 3,19,2024-01-30,35473
comuna 4,37,2024-07-31,40692
comuna 4,60,2024-01-30,39711
comuna 2,75,2024-07-31,35033
comuna 3,34,2024-06-25,48350
comuna 12,40,2024-01-30,12263
comuna 9,72,2024-06-23,28454
comuna 11,64,2024-06-25,43381
comuna 6,68,2024-01-30,16364
comuna 7,97,2024-07-31,15820
comuna 3,63,2024-06-25,45237
comuna 2,99,2024-07-31,10834
comuna 16,92,2024-06-25,11053
comuna 1,54,2024-06-25,11480
comuna 1,66,2024-07-31,19113
comuna 7,14,2024-06-25,5067
comuna 13,88,2024-06-25,22345
comuna 1,92,2024-07-31,26536
comuna 13,77,2024-06-23,13979
comuna 3,85,2024-06-25,9679
comuna 9,92,2024-06-25,13184
comuna 9,54,2024-01-30,29031
comuna 3,42,2024-07-31,30562
comuna 7,93,2024-01-30,24673
comuna 4,21,2024-06-25,13347
comuna 9,82,2024-06-25,26580
comuna 11,39,2024-01-30,46005
comuna 13,75,2024-06-23,32903
comuna 6,24,2024-07-31,24704
comuna 16,92,2024-06-23,1738
comuna 1,30,2024-06-23,37535
comuna 1,81,2024-06-23,19742
comuna 15,24,2024-06-25,22416
comuna 7,66,2024-07-31,11453
comuna 9,76,2024-01-30,16510
comuna 12,12,2024-06-23,25615
comuna 2,22,2024-06-25,24014
comuna 16,70,2024-06-25,6671
comuna 1,100,2024-01-30,23834
comuna 9,71,2024-01-30,45019
comuna 9,12,2024-01-30,1319
comuna 5,49,2024-01-30,20882
comuna 6,58,2024-06-25,17159
comuna 6,71,2024-06-23,36921
comuna 16,65,2024-07-31,20491
comuna 9,81,2024-06-23,3119
comuna 7,37,2024-06-25,6938
comuna 1,15,2024-06-23,5173
comuna 15,44,2024-01-30,44585
comuna 4,26,2024-06-23,43887
comuna 5,71,2024-01-30,3120
comuna 7,85,2024-01-30,16491
comuna 7,52,2024-06-23,33122
comuna 4,13,2024-07-31,30895
comuna 4,37,2024-01-30,41807
comuna 14,78,2024-06-25,15241
comuna 11,59,2024-06-25,18222
comuna 13,75,2024-06-25,5625
comuna 13,35,2024-07-31,42646
comuna 16,19,2024-06-23,41477
comuna 15,65,2024-06-23,27054
comuna 4,36,2024-01-30,24523
comuna 8,34,2024-01-30,46520
comuna 5,96,2024-07-31,27797
comuna 15,25,2024-01-30,30845
comuna 4,69,2024-06-25,23468
comuna 11,24,2024-07-31,2395
comuna 15,40,2024-01-30,27671
comuna 14,12,2024-06-23,6366
comuna 11,62,2024-07-31,25595
comuna 8,62,2024-06-25,26959
comuna 9,63,2024-06-25,24299
comuna 6,62,2024-06-25,13337
comuna 10,14,2024-06-25,25192
comuna 8,45,2024-01-30,31530
comuna 14,98,2024-07-31,20304
comuna 4,15,2024-06-23,9510
comuna 13,19,2024-06-25,9079
comuna 16,72,2024-06-23,36953
comuna 3,83,2024-01-30,48752
comuna 11,49,2024-01-30,32232
comuna 13,31,2024-06-25,48360
comuna 2,96,2024-06-25,46549
comuna 7,83,2024-06-23,17954
comuna 12,58,2024-06-23,22795
comuna 10,66,2024-06-25,10209
comuna 1,86,2024-06-25,13292
comuna 8,87,2024-01-30,26396
comuna 9,45,2024-06-23,27409
comuna 11,85,2024-06-25,36896
comuna 5,36,2024-07-31,38061
comuna 7,53,2024-07-31,24683
comuna 12,20,2024-06-23,10923
comuna 8,56,2024-06-25,22947
comuna 10,60,2024-06-25,5297
comuna 16,16,2024-01-30,22307
comuna 9,18,2024-07-31,22417
comuna 6,92,2024-01-30,19061
comuna 12,52,2024-06-23,9042
comuna 13,99,2024-01-30,39105
comuna 10,21,2024-07-31,18696
comuna 14,79,2024-06-25,41261
comuna 1,45,2024-06-25,3853
comuna 16,36,2024-01-30,21500
comuna 3,83,2024-06-25,14893
comuna 6,10,2024-06-23,22999
comuna 7,11,2024-07-31,26340
comuna 13,23,2024-06-25,17181
comuna 2,11,2024-06-23,35784
comuna 14,73,2024-06-25,43848
comuna 11,47,2024-06-23,8960
comuna 10,19,2024-06-23,10220
comuna 6,81,2024-06-25,6333
comuna 8,81,2024-06-25,41589
comuna 2,100,2024-06-25,31532
comuna 13,81,2024-07-31,46706
comuna 14,96,2024-07-31,36667
comuna 16,39,2024-06-25,7882
comuna 7,89,2024-07-31,35295
comuna 15,37,2024-01-30,3270
comuna 3,100,2024-06-23,18484
comuna 15,42,2024-07-31,39888
comuna 7,77,2024-06-23,28851
comuna 7,10,2024-07-31,11170
comuna 13,59,2024-06-25,530
comuna 15,96,2024-06-23,26334
comuna 5,18,2024-06-25,42535
comuna 9,68,2024-06-23,22154
comuna 3,72,2024-07-31,46338
comuna 11,32,2024-06-25,1755
comuna 6,86,2024-07-31,33785
comuna 1,52,2024-06-25,19378
comuna 9,38,2024-01-30,5391
comuna 15,22,2024-01-30,34691
comuna 10,93,2024-07-31,20541
comuna 16,46,2024-07-31,21471
comuna 13,71,2024-07-31,45762
comuna 5,21,2024-06-23,27898
comuna 4,22,2024-06-25,19960
comuna 1,58,2024-06-25,33352
comuna 9,71,2024-07-31,34027
comuna 14,15,2024-06-23,44191
comuna 4,11,2024-06-23,47532
comuna 12,35,2024-07-31,37640
comuna 14,74,2024-06-23,35449
comuna 14,24,2024-07-31,16169
comuna 10,57,2024-06-25,39018
comuna 11,30,2024-07-31,33269
comuna 13,78,2024-06-23,20333
comuna 10,22,2024-06-25,849
comuna 12,72,2024-06-25,4571
comuna 12,61,2024-06-23,2927
comuna 5,71,2024-06-23,26592
comuna 5,82,2024-06-23,11128
comuna 1,93,2024-01-30,27269
comuna 3,11,2024-07-31,9416
comuna 3,60,2024-07-31,42087
comuna 3,54,2024-06-23,43717
comuna 12,94,2024-06-25,23190
comuna 12,71,2024-06-23,27739
comuna 9,62,2024-06-25,30884
comuna 12,18,2024-07-31,17302
comuna 7,85,2024-07-31,16867
comuna 5,44,2024-01-30,48129
comuna 2,11,2024-01-30,13739
comuna 3,16,2024-06-25,15556
comuna 2,27,2024-06-23,41179
comuna 4,83,2024-01-30,39577
comuna 5,61,2024-06-25,47835
comuna 4,48,2024-01-30,34493
comuna 6,36,2024-06-25,33960
comuna 16,59,2024-06-23,34103
comuna 14,31,2024-06-25,12194
comuna 3,100,2024-01-30,8529
comuna 3,98,2024-06-25,37156
comuna 9,27,2024-06-23,5576
comuna 8,99,2024-01-30,19902
comuna 6,49,2024-06-25,29705
comuna 2,17,2024-06-25,24829
comuna 4,16,2024-07-31,11624
comuna 2,17,2024-06-23,13339
comuna 2,40,2024-06-23,43701
comuna 6,61,2024-01-30,22743
comuna 4,41,2024-01-30,39496
comuna 8,15,2024-01-30,43586
comuna 5,21,2024-06-25,46605
comuna 13,26,2024-06-23,16378
comuna 10,74,2024-06-23,39668
comuna 9,66,2024-06-25,2320
comuna 3,16,2024-06-25,31027
comuna 4,56,2024-06-23,21756
comuna 2,87,2024-07-31,49422
comuna 11,52,2024-06-25,5522
comuna 6,67,2024-06-23,11204
comuna 11,99,2024-06-23,42730
comuna 2,22,2024-01-30,32407
comuna 15,27,2024-06-25,32159
comuna 11,33,2024-06-25,44551
comuna 4,85,2024-06-25,42251
comuna 1,80,2024-07-31,19416
comuna 16,82,2024-01-30,27996
comuna 5,88,2024-01-30,8956
comuna 1,93,2024-06-25,8484
comuna 8,32,2024-01-30,13684
comuna 6,90,2024-06-23,34775
comuna 10,67,2024-01-30,38741
comuna 9,33,2024-01-30,46178
comuna 15,40,2024-06-25,17569
comuna 1,47,2024-06-25,31277
comuna 12,17,2024-06-25,48820
comuna 10,84,2024-01-30,7094
comuna 6,50,2024-06-23,42769
comuna 8,28,2024-07-31,31502
comuna 15,99,2024-06-25,11845
comuna 2,47,2024-07-31,7187
comuna 13,19,2024-01-30,1043
comuna 3,41,2024-07-31,10180
comuna 4,39,2024-07-31,38559
comuna 6,14,2024-06-25,40497
comuna 4,65,2024-01-30,10247
comuna 14,28,2024-07-31,36792
comuna 2,78,2024-06-23,33880
comuna 8,24,2024-01-30,14729
comuna 13,74,2024-01-30,35640
comuna 11,94,2024-06-23,23383
comuna 10,42,2024-01-30,40168
comuna 2,84,2024-07-31,8279
comuna 8,65,2024-06-23,38050
comuna 4,53,2024-01-30,11722
comuna 9,58,2024-06-25,20620
comuna 12,12,2024-06-23,38108
comuna 7,22,2024-06-23,19546
comuna 13,82,2024-06-23,1078
comuna 13,48,2024-06-23,13549
comuna 3,42,2024-06-23,22009
comuna 12,34,2024-01-30,5277
comuna 2,71,2024-07-31,32568
comuna 16,86,2024-01-30,10468
comuna 6,11,2024-07-31,2754
comuna 4,38,2024-01-30,41361
comuna 7,66,2024-07-31,26618
comuna 7,85,2024-06-23,36434
comuna 12,21,2024-01-30,31207
comuna 14,71,2024-06-25,18531
comuna 6,61,2024-01-30,5295
comuna 10,64,2024-06-25,15274
comuna 7,10,2024-07-31,29434
comuna 9,50,2024-06-25,2611
comuna 1,40,2024-01-30,18637
comuna 16,86,2024-01-30,21226
comuna 9,82,2024-06-25,46720
comuna 14,62,2024-01-30,23468
comuna 13,17,2024-06-23,43122
comuna 3,47,2024-06-23,5037
comuna 14,84,2024-06-25,34958
comuna 9,17,2024-01-30,49868
comuna 10,66,2024-06-25,31924
comuna 16,30,2024-06-25,26578
comuna 4,74,2024-06-25,2005
comuna 14,83,2024-07-31,10083
comuna 1,76,2024-06-23,37907
comuna 7,55,2024-06-23,7522
comuna 9,39,2024-01-30,22934
comuna 14,49,2024-01-30,35806
comuna 10,95,2024-01-30,4110
comuna 10,69,2024-06-23,31098
comuna 2,55,2024-01-30,25888
comuna 6,29,2024-06-23,13485
comuna 9,72,2024-07-31,14341
comuna 4,93,2024-07-31,3134
comuna 9,81,2024-06-23,2447
comuna 13,28,2024-06-25,9215
comuna 12,97,2024-07-31,12539
comuna 12,57,2024-06-23,42587
comuna 15,45,2024-06-25,37487
comuna 3,27,2024-06-25,21374
comuna 2,76,2024-01-30,2370
comuna 6,24,2024-06-23,46540
comuna 6,44,2024-07-31,11408
comuna 10,42,2024-01-30,27826
comuna 6,80,2024-06-23,20091
comuna 3,73,2024-01-30,1698
comuna 4,14,2024-06-23,40425
comuna 8,100,2024-06-23,29208
comuna 5,18,2024-06-23,20797
comuna 15,49,2024-07-31,15262
comuna 13,79,2024-06-25,17824
comuna 7,38,2024-06-23,30346
comuna 15,10,2024-06-23,28975
comuna 2,11,2024-06-25,43753
comuna 10,91,2024-07-31,31740
comuna 4,46,2024-06-23,1071
comuna 14,55,2024-06-23,43014
comuna 2,31,2024-01-30,5640
comuna 15,65,2024-07-31,39086
comuna 16,97,2024-06-23,17240
comuna 5,34,2024-06-25,28985
comuna 13,99,2024-06-25,7768
comuna 1,71,2024-07-31,27061
comuna 16,63,2024-06-23,25456
comuna 14,15,2024-06-23,18784
comuna 15,15,2024-06-25,38807
comuna 3,51,2024-06-23,40834
comuna 3,98,2024-01-30,48829
comuna 12,10,2024-07-31,33862
comuna 4,61,2024-06-23,10130
comuna 11,79,2024-07-31,7496
comuna 2,99,2024-06-25,44252
comuna 4,99,2024-06-23,7308
comuna 2,42,2024-06-23,9209
comuna 13,99,2024-07-31,10391
comuna 14,76,2024-07-31,31574
comuna 7,86,2024-06-25,42224
comuna 5,37,2024-07-31,41883
comuna 11,49,2024-06-25,37572
comuna 9,52,2024-01-30,7782
comuna 16,70,2024-06-23,7356
comuna 6,99,2024-07-31,25741
comuna 10,29,2024-07-31,11519
comuna 13,34,2024-06-25,4975
comuna 12,73,2024-07-31,21287
comuna 2,79,2024-06-23,22731
comuna 11,46,2024-06-25,18494
comuna 1,39,2024-01-30,8238
comuna 1,99,2024-06-25,41738
comuna 11,39,2024-06-25,40064
comuna 14,92,2024-07-31,45080
comuna 8,28,2024-07-31,27191
comuna 7,25,2024-07-31,37570
comuna 2,99,2024-01-30,36196
comuna 3,10,2024-07-31,28477
comuna 3,26,2024-07-31,1145
comuna 10,49,2024-07-31,37903
comuna 10,31,2024-01-30,48062
comuna 10,57,2024-06-23,47352
comuna 9,28,2024-06-23,26151
comuna 11,48,2024-06-23,23377
comuna 11,69,2024-01-30,30117
comuna 6,78,2024-06-23,25917
comuna 5,46,2024-07-31,32083
comuna 7,94,2024-01-30,43057
comuna 3,37,2024-07-31,45645
comuna 2,87,2024-06-25,37085
comuna 8,72,2024-06-23,19139
comuna 6,21,2024-06-25,19522
comuna 3,56,2024-06-25,9339
comuna 15,20,2024-06-25,21701
comuna 8,75,2024-07-31,29615
comuna 13,45,2024-06-23,33333
comuna 16,21,2024-06-23,1957
comuna 2,59,2024-06-23,44315
comuna 10,23,2024-06-23,19872
comuna 9,53,2024-07-31,13161
comuna 2,95,2024-06-23,8402
comuna 8,99,2024-06-23,18333
comuna 3,84,2024-01-30,13306
comuna 7,38,2024-06-25,26973
comuna 14,13,2024-06-23,22984
comuna 16,56,2024-06-23,9555
comuna 2,35,2024-07-31,28158
comuna 11,12,2024-01-30,7655
comuna 5,97,2024-06-23,9706
comuna 7,27,2024-06-23,22749
comuna 9,64,2024-06-25,12204
comuna 1,15,2024-01-30,43357
comuna 12,84,2024-01-30,3128
comuna 3,48,2024-06-23,11881
comuna 8,57,2024-07-31,6414
comuna 4,83,2024-07-31,7564
comuna 8,97,2024-06-25,42646
comuna 4,64,2024-06-23,4290
comuna 11,12,2024-06-23,29580
comuna 11,77,2024-01-30,9099
comuna 4,11,2024-01-30,24795
comuna 6,40,2024-06-23,531
comuna 10,78,2024-01-30,201
comuna 3,51,2024-06-25,1284
comuna 2,79,2024-06-25,43959
comuna 8,75,2024-07-31,34268
comuna 1,33,2024-07-31,28234
comuna 12,47,2024-06-23,16497
comuna 9,14,2024-06-25,13323
comuna 11,17,2024-07-31,40550
comuna 2,97,2024-07-31,47755
comuna 7,32,2024-06-23,42980
comuna 13,77,2024-01-30,15855
comuna 3,21,2024-01-30,40984
comuna 15,21,2024-01-30,8218
comuna 7,86,2024-06-23,42690
comuna 12,72,2024-01-30,48598
comuna 10,46,2024-06-25,25562
comuna 3,91,2024-07-31,33630
comuna 7,46,2024-07-31,10977
comuna 3,13,2024-06-23,46584
comuna 7,28,2024-01-30,29106
comuna 1,67,2024-06-25,37591
comuna 14,46,2024-06-23,24864
comuna 10,92,2024-06-25,38936
comuna 1,66,2024-01-30,38904
comuna 11,52,2024-06-23,32454
comuna 7,94,2024-01-30,29025
comuna 14,39,2024-01-30,18669
comuna 15,49,2024-06-23,44905
comuna 4,50,2024-06-25,47839
comuna 11,21,2024-06-23,39036
comuna 4,29,2024-06-25,3290
comuna 11,13,2024-06-25,2407
comuna 8,69,2024-06-23,34978
comuna 10,59,2024-07-31,41840
comuna 10,48,2024-07-31,24923
comuna 8,69,2024-01-30,4468
comuna 1,51,2024-07-31,5041
comuna 1,78,2024-06-23,48468
comuna 11,51,2024-06-25,1369
comuna 12,98,2024-06-25,12525
comuna 13,15,2024-06-23,41498
comuna 15,24,2024-06-23,17549
comuna 14,74,2024-07-31,29467
comuna 15,78,2024-07-31,35716
comuna 8,25,2024-06-23,38745
comuna 5,47,2024-06-23,10885
comuna 8,98,2024-07-31,8290
comuna 4,53,2024-06-25,2293
comuna 9,49,2024-06-23,11635
comuna 4,77,2024-06-23,4315
comuna 7,39,2024-07-31,32039
comuna 13,65,2024-07-31,10279
comuna 7,94,2024-06-23,10642
comuna 3,58,2024-01-30,987
comuna 6,36,2024-01-30,21624
comuna 12,28,2024-01-30,29243
comuna 2,90,2024-07-31,43274
comuna 4,18,2024-07-31,45404
comuna 2,40,2024-06-23,11288
comuna 7,50,2024-06-25,44830
comuna 16,56,2024-06-23,1509
comuna 4,93,2024-01-30,46490
comuna 4,97,2024-06-23,38905
comuna 11,92,2024-06-23,42912
comuna 2,41,2024-06-25,45003
comuna 3,37,2024-06-23,18029
comuna 5,82,2024-06-23,27341
comuna 9,46,2024-01-30,44637
comuna 16,63,2024-01-30,19952
comuna 6,72,2024-06-25,35862
comuna 13,91,2024-06-25,47560
comuna 5,55,2024-07-31,3131
comuna 2,21,2024-07-31,7317
comuna 8,24,2024-06-25,48538
comuna 11,83,2024-06-25,24529
comuna 11,19,2024-06-25,41756
comuna 1,15,2024-06-23,44334
comuna 2,14,2024-01-30,36569
comuna 15,82,2024-07-31,26802
comuna 2,85,2024-06-23,26857
comuna 12,52,2024-06-23,3011
comuna 3,52,2024-06-25,24096
comuna 2,36,2024-06-23,27185
comuna 7,90,2024-06-23,23761
comuna 12,82,2024-06-23,21565
comuna 11,17,2024-06-23,28179
comuna 4,76,2024-07-31,23515
comuna 11,60,2024-06-25,46345
comuna 14,97,2024-07-31,2384
comuna 14,49,2024-06-25,40360
comuna 5,54,2024-06-25,36593
comuna 5,20,2024-01-30,5713
comuna 13,62,2024-06-25,9413
comuna 12,78,2024-06-25,26327
comuna 9,91,2024-06-25,44490
comuna 13,19,2024-06-25,23195
comuna 11,72,2024-06-23,1041
comuna 6,44,2024-06-25,28251
comuna 3,28,2024-07-31,38664
comuna 15,94,2024-06-23,44214
comuna 6,76,2024-06-23,20845
comuna 4,62,2024-06-25,44871
comuna 14,34,2024-06-23,39881
comuna 10,42,2024-07-31,44434
comuna 15,49,2024-07-31,48409
comuna 6,69,2024-07-31,37783
comuna 2,64,2024-06-23,13713
comuna 12,34,2024-06-23,44540
comuna 12,84,2024-01-30,16304
comuna 13,58,2024-06-25,25105
comuna 13,36,2024-07-31,20251
comuna 3,43,2024-06-23,22867
comuna 4,55,2024-06-23,10247
comuna 15,23,2024-07-31,21440
comuna 7,93,2024-06-25,48622
comuna 4,81,2024-07-31,18796
comuna 12,61,2024-06-25,20050
comuna 9,81,2024-06-25,46241
comuna 11,60,2024-06-25,38500
comuna 9,54,2024-07-31,45552
comuna 4,95,2024-06-23,2894
comuna 2,91,2024-06-23,39753
comuna 11,86,2024-06-23,13104
comuna 3,89,2024-07-31,45403
comuna 4,12,2024-06-23,41366
comuna 11,82,2024-07-31,4081
comuna 3,61,2024-06-25,16595
comuna 6,74,2024-06-25,4548
comuna 14,28,2024-06-25,41176
comuna 15,65,2024-01-30,11141
comuna 14,61,2024-01-30,27637
comuna 11,12,2024-01-30,31114
comuna 16,31,2024-06-25,45686
comuna 5,53,2024-06-23,42329
comuna 10,99,2024-06-25,4823
comuna 14,99,2024-06-23,1814
comuna 9,14,2024-06-25,16608
comuna 12,39,2024-06-23,15837
comuna 5,28,2024-01-30,40438
comuna 3,12,2024-01-30,3855
comuna 9,51,2024-06-23,26938
comuna 11,62,2024-07-31,38050
comuna 7,17,2024-06-25,32053
comuna 4,42,2024-06-25,33800
comuna 4,21,2024-01-30,14567
comuna 7,44,2024-06-25,40162
comuna 9,10,2024-06-25,16714
comuna 12,63,2024-07-31,35330
comuna 13,67,2024-06-25,45391
comuna 5,93,2024-07-31,42389
comuna 10,29,2024-07-31,44109
comuna 11,24,2024-06-25,10357
comuna 11,37,2024-06-23,36480
comuna 5,86,2024-06-23,29347
comuna 2,12,2024-06-23,36410
comuna 14,70,2024-07-31,41930
comuna 15,17,2024-06-23,25313
comuna 7,89,2024-06-23,44448
comuna 15,33,2024-01-30,35704
comuna 13,86,2024-07-31,39991
comuna 3,62,2024-06-25,44503
comuna 7,53,2024-07-31,21608
comuna 12,100,2024-06-25,24243
comuna 6,70,2024-06-25,31670
comuna 12,86,2024-06-23,5417
comuna 16,95,2024-06-23,24549
comuna 6,11,2024-06-25,23470
comuna 13,25,2024-01-30,15400
comuna 12,19,2024-06-25,8775
comuna 4,22,2024-06-25,24012
comuna 6,52,2024-01-30,4092
comuna 13,59,2024-01-30,48860
comuna 6,36,2024-06-23,27740
comuna 4,25,2024-06-23,10676
comuna 10,50,2024-07-31,42839
comuna 13,33,2024-01-30,41241
comuna 13,61,2024-07-31,32261
comuna 16,17,2024-06-25,7987
comuna 7,58,2024-06-25,44741
comuna 6,20,2024-06-25,11609
comuna 4,51,2024-01-30,42798
comuna 10,63,2024-06-23,11020
comuna 15,71,2024-07-31,1356
comuna 14,24,2024-07-31,25525
comuna 3,34,2024-07-31,45308
comuna 4,66,2024-07-31,10721
comuna 13,100,2024-06-25,20116
comuna 5,94,2024-06-23,37634
comuna 6,27,2024-06-25,30709
comuna 8,97,2024-07-31,4425
comuna 11,67,2024-07-31,30841
comuna 6,51,2024-06-25,22354
comuna 8,57,2024-06-23,46751
comuna 5,13,2024-06-25,20017
comuna 14,62,2024-01-30,26520
comuna 1,16,2024-07-31,1410
comuna 6,62,2024-01-30,26535
comuna 13,24,2024-06-25,36748
comuna 2,54,2024-07-31,41574
comuna 3,94,2024-01-30,4967
comuna 16,44,2024-06-25,44741
comuna 7,62,2024-01-30,27788
comuna 7,94,2024-06-25,19081
comuna 11,80,2024-06-25,36756
comuna 13,63,2024-06-25,10227
comuna 4,75,2024-01-30,42413
comuna 2,74,2024-06-23,24119
comuna 11,85,2024-01-30,47569
comuna 9,59,2024-01-30,41279
comuna 15,55,2024-06-25,36651
comuna 7,92,2024-06-23,1833
comuna 10,12,2024-06-25,11731
comuna 6,36,2024-01-30,36369
comuna 16,98,2024-01-30,8581
comuna 13,30,2024-06-25,38837
comuna 6,64,2024-06-23,45105
comuna 10,57,2024-01-30,1107
comuna 4,32,2024-01-30,43361
comuna 10,26,2024-06-25,9697
comuna 15,42,2024-01-30,16849
comuna 9,27,2024-06-23,6436
comuna 5,93,2024-07-31,1885
comuna 16,98,2024-01-30,28531
comuna 12,73,2024-07-31,23544
comuna 15,20,2024-06-25,45615
comuna 5,67,2024-07-31,38695
comuna 14,23,2024-06-23,30869
comuna 15,27,2024-06-25,48243
comuna 15,31,2024-07-31,31944
comuna 4,35,2024-01-30,34150
comuna 5,100,2024-01-30,12633
comuna 16,89,2024-01-30,15662
comuna 8,76,2024-06-25,42655
comuna 2,18,2024-06-23,1278
comuna 8,79,2024-01-30,45698
comuna 16,57,2024-06-25,32544
comuna 6,63,2024-07-31,19354
comuna 5,32,2024-01-30,219
comuna 16,82,2024-01-30,25023
comuna 2,56,2024-07-31,24142
comuna 1,27,2024-01-30,13553
comuna 16,21,2024-07-31,7391
comuna 7,40,2024-06-25,43568
comuna 7,56,2024-01-30,4654
comuna 3,91,2024-01-30,43327
comuna 10,47,2024-07-31,41844
comuna 5,77,2024-06-25,930
comuna 11,46,2024-06-23,12591
comuna 7,21,2024-06-25,4724
comuna 2,12,2024-07-31,13441
comuna 7,61,2024-01-30,45916
comuna 16,87,2024-06-25,12853
comuna 5,37,2024-01-30,19100
comuna 15,32,2024-07-31,11046
comuna 4,97,2024-01-30,12268
comuna 5,59,2024-01-30,49788
comuna 9,38,2024-06-25,10929
comuna 2,79,2024-01-30,23230
comuna 9,23,2024-07-31,8170
comuna 13,65,2024-06-25,3675
comuna 7,54,2024-07-31,38546
comuna 11,48,2024-01-30,17262
comuna 8,93,2024-01-30,1198
comuna 3,41,2024-01-30,45889
comuna 15,19,2024-07-31,462
comuna 11,16,2024-01-30,17694
comuna 10,38,2024-01-30,47447
comuna 3,42,2024-06-25,32916
comuna 12,32,2024-06-23,34126
comuna 14,53,2024-07-31,2455
comuna 14,17,2024-06-23,28889
comuna 15,98,2024-07-31,45099
comuna 3,39,2024-01-30,15225
comuna 15,84,2024-06-23,31993
comuna 4,95,2024-06-25,40200
comuna 14,84,2024-06-25,32777
comuna 12,90,2024-06-25,15272
comuna 10,17,2024-01-30,24994
comuna 8,71,2024-06-25,35674
comuna 15,83,2024-07-31,1664
comuna 8,71,2024-06-25,38474
comuna 1,19,2024-07-31,37654
comuna 6,85,2024-06-25,6421
comuna 6,43,2024-07-31,10814
comuna 3,58,2024-07-31,7994
comuna 8,48,2024-06-25,40492
comuna 12,62,2024-06-25,35639
comuna 5,12,2024-01-30,48143
comuna 14,42,2024-07-31,10425
comuna 11,59,2024-01-30,49453
comuna 6,40,2024-06-25,22610
comuna 12,72,2024-06-23,4055
comuna 15,12,2024-01-30,1648
comuna 16,82,2024-01-30,25298
comuna 6,93,2024-06-25,28766
comuna 6,44,2024-01-30,11494
comuna 7,33,2024-06-25,26387
comuna 4,57,2024-06-25,13868
comuna 6,56,2024-07-31,38519
comuna 11,92,2024-01-30,10281
comuna 5,31,2024-07-31,28461
comuna 13,100,2024-06-23,32400
comuna 10,48,2024-07-31,21471
comuna 8,89,2024-01-30,34890
comuna 1,81,2024-06-23,39328
comuna 15,100,2024-07-31,17241
comuna 14,26,2024-01-30,17619
comuna 13,81,2024-07-31,45133
comuna 5,71,2024-07-31,45737
comuna 16,26,2024-01-30,8890
comuna 16,34,2024-06-23,20779
comuna 11,24,2024-01-30,42071
comuna 16,52,2024-06-25,9062
comuna 7,60,2024-06-25,25612
comuna 6,45,2024-06-23,9611
comuna 1,22,2024-06-25,19492
comuna 8,81,2024-01-30,2116
comuna 3,80,2024-01-30,49544
comuna 8,43,2024-01-30,11515
comuna 15,15,2024-06-23,10563
comuna 11,26,2024-06-23,19894
comuna 12,51,2024-07-31,18580
comuna 15,85,2024-07-31,38580
comuna 3,67,2024-01-30,19632
comuna 7,34,2024-06-23,12302
comuna 6,43,2024-06-23,230
comuna 10,51,2024-01-30,21338
comuna 15,65,2024-01-30,33128
comuna 7,66,2024-07-31,36013
comuna 2,92,2024-07-31,48442
comuna 16,16,2024-01-30,7354
comuna 15,62,2024-07-31,1308
comuna 15,69,2024-07-31,48203
comuna 10,34,2024-07-31,14994
comuna 2,91,2024-07-31,22900
comuna 9,43,2024-06-23,40966
comuna 3,75,2024-06-23,22779
comuna 14,94,2024-01-30,8598
comuna 10,27,2024-01-30,46293
comuna 9,47,2024-07-31,15204
comuna 5,32,2024-06-23,1398
comuna 5,42,2024-01-30,44271
comuna 8,89,2024-06-23,8455
comuna 10,92,2024-07-31,9952
comuna 5,50,2024-07-31,20181
comuna 11,64,2024-06-25,2443
comuna 5,16,2024-01-30,31713
comuna 6,62,2024-07-31,47890
comuna 3,63,2024-07-31,5298
comuna 7,76,2024-01-30,35467
comuna 8,83,2024-06-23,22655
comuna 15,29,2024-01-30,3487
comuna 8,83,2024-06-23,48016
comuna 6,62,2024-06-25,2404
comuna 7,53,2024-06-23,16064
comuna 1,17,2024-06-23,28227
comuna 5,77,2024-06-25,39233
comuna 9,65,2024-01-30,7222
comuna 4,78,2024-06-23,39797
comuna 7,13,2024-07-31,27090
comuna 11,67,2024-06-25,43523
comuna 7,37,2024-07-31,2206
comuna 12,44,2024-06-25,43389
comuna 13,76,2024-06-23,39232
comuna 10,93,2024-07-31,3448
comuna 2,27,2024-06-23,43962
comuna 9,34,2024-07-31,9125
comuna 4,78,2024-06-23,13397
comuna 8,88,2024-07-31,34310
comuna 7,33,2024-06-23,3613
comuna 5,46,2024-06-23,41942
comuna 8,14,2024-07-31,33802
comuna 3,98,2024-06-25,16488
comuna 14,21,2024-07-31,29261
comuna 9,46,2024-01-30,37671
comuna 3,77,2024-06-23,2212
comuna 8,40,2024-06-25,42476
comuna 3,89,2024-07-31,4976
comuna 6,53,2024-01-30,36640
comuna 14,56,2024-06-25,10910
comuna 3,74,2024-06-25,28678
comuna 6,95,2024-06-23,35391
comuna 8,74,2024-01-30,5398
comuna 13,82,2024-01-30,10240
comuna 3,27,2024-06-23,21178
comuna 1,55,2024-06-25,14440
comuna 4,38,2024-01-30,10496
comuna 12,91,2024-01-30,46753
comuna 6,58,2024-01-30,25256
comuna 14,69,2024-01-30,31047
comuna 15,31,2024-07-31,2990
comuna 9,59,2024-06-23,6267
comuna 14,82,2024-06-25,13280
comuna 6,32,2024-01-30,15340
comuna 4,11,2024-07-31,32366
comuna 9,19,2024-06-23,47108
comuna 11,45,2024-06-23,21616
